Lambda,Test Accuracy,Sparsity %
0.0001,56.19,93.95843881263126
0.001,51.83,99.88315237773777
0.01,45.14,99.99361264251425
