Lambda,Test Accuracy,Sparsity %
0.0001,54.32,42.30516801680168
0.001,51.77,47.10383147689769
0.01,49.48,47.30605873087309
